[
  {
    "Name": "Anubha Maneshwar",
    "Designation": "Founder & CEO, GirlScript Foundation",
    "Image": "https://user-images.githubusercontent.com/63473496/152328358-1a556faf-f644-463c-bdfb-99bc0b28e366.png",
    "GitHub": "https://github.com/anubhamane",
    "Twitter": "https://twitter.com/anubhamane",
    "LinkedIn": "https://www.linkedin.com/in/anubhamane/"
  },
  {
    "Name": "Mohit Varu",
    "Designation": "MD, GirlScript Foundation",
    "Image": "https://raw.githubusercontent.com/girlscript/GirlScript-Summer-of-Code/master/images/team/2020/mohit.jpg",
    "GitHub": "",
    "Twitter": "https://twitter.com/13_Saanjh",
    "LinkedIn": "https://www.linkedin.com/in/mohitvaru/"
  },
  {
    "Name": "Sowmiya V",
    "Designation": "WOB'24 Advisor",
    "Image": "https://i.imgur.com/MiKJakv.jpg",
    "GitHub": "",
    "Twitter": "https://x.com/sowmiyeh",
    "LinkedIn": "https://www.linkedin.com/in/sowmiyavenkatesan/"
  },
  {
    "Name": "Rishi Mondal",
    "Designation": "Program Manager",
    "LinkedIn": "https://www.linkedin.com/in/rishi-mondal-5238b2282/",
    "GitHub": "https://github.com/MAVRICK-1",
    "Twitter": "https://x.com/realamvrick",
    "Image": "https://pbs.twimg.com/profile_images/1734666101232218112/QAQosTN8_400x400.jpg"
  },
  {
    "Name": "Durgesh Kumar Prajapati",
    "Designation": "Program Manager",
    "LinkedIn": "https://www.linkedin.com/in/durgesh4993/",
    "GitHub": "https://github.com/Durgesh4993",
    "Twitter": "https://x.com/durgesh4993",
    "Image": "https://i.imgur.com/kg9rPI1.png"
  },
  {
    "Name": "Nandini Singh",
    "Designation": "Program Manager",
    "LinkedIn": "https://www.linkedin.com/in/nandinisingh18/",
    "GitHub": "https://github.com/HeyfromNandini",
    "Twitter": "https://x.com/HeyFromNandini_",
    "Image": "https://i.imgur.com/6fW2X4C.jpg"
  },
  {
    "Name": "Hemanth Kumar",
    "Designation": "Web Developer",
    "LinkedIn": "https://www.linkedin.com/in/hemu21",
    "GitHub": "https://github.com/Hemu21",
    "Twitter": "https://x.com/Hemu21_",
    "Image": "https://i.imgur.com/7oBaYdx.png"
  },
  {
    "Name": "Anusha Agarwal",
    "Designation": "Web Developer",
    "LinkedIn": "https://www.linkedin.com/in/anusha-agarwal-068b70271",
    "GitHub": "https://github.com/anusha7530",
    "Twitter": "https://x.com/anusha4044",
    "Image": "https://i.imgur.com/Qv3Vmth.jpg"
  },
  {
    "Name": "Sneha Shrivastava",
    "Designation": "Discord Moderator",
    "LinkedIn": "https://www.linkedin.com/in/sneha-kumari1/",
    "GitHub": "https://github.com/Snehsk",
    "Twitter": "https://x.com/SnehaKumariSk1",
    "Image": "https://i.imgur.com/dgenPyz.jpg"
  },
  {
    "Name": "Sneha Singh",
    "Designation": "Discord Moderator",
    "LinkedIn": "https://www.linkedin.com/in/sneha-singh-636578273/",
    "GitHub": "https://github.com/Sneha6003",
    "Twitter": "https://x.com/Sneha7590",
    "Image": "https://i.imgur.com/xiLi9fQ.jpg"
  },
  {
    "Name": "Ambika Choudhary",
    "Designation": "Content Writer",
    "LinkedIn": "https://www.linkedin.com/in/ambika-choudhary-619964277",
    "GitHub": "https://github.com/Ambikaa29",
    "Image": "https://i.imgur.com/HnxuFdK.jpg"
  },
  {
    "Name": "Kinjal Pandey",
    "Designation": "Content Writer",
    "LinkedIn": "https://www.linkedin.com/in/kindey10",
    "GitHub": "https://github.com/kindey10",
    "Image": "https://i.imgur.com/BrBettl.jpg"
  },
  {
    "Name": "Mahika Trivedi",
    "Designation": "Graphic Designer",
    "LinkedIn": "https://www.linkedin.com/in/mahika-trivedi-70a72b274",
    "GitHub": "https://github.com/MahikaTrivedi",
    "Twitter": "https://x.com/CalmDaisyy",
    "Image": "https://i.imgur.com/5AeuU88.jpg"
  },
  {
    "Name": "Prithwi Gajanan Hegde",
    "Designation": "UI/UX Designer",
    "LinkedIn": "https://www.linkedin.com/in/prithwi-hegde",
    "GitHub": "https://github.com/Prithwi32",
    "Twitter": "https://x.com/PrithwiHegde",
    "Image": "https://i.imgur.com/hK2iMEP.png"
  },
  {
    "Name": "Sambit Mondal",
    "Designation": "Web Developer",
    "LinkedIn": "https://linkedIn.com/in/sambitm02",
    "GitHub": "https://github.com/Sambit-Mondal",
    "Twitter": "https://x.com/Sambit_17",
    "Image": "https://i.imgur.com/PBDIk0k.jpg"
  },
  {
    "Name": "Karan Sharma",
    "Designation": "Discord Moderator",
    "LinkedIn": "https://www.linkedin.com/in/karan2322",
    "Twitter": "https://x.com/KaranS2322",
    "GitHub": "https://github.com/KaranSharma73",
    "Image": "https://i.imgur.com/bsRLxHZ.jpg"
  },
  {
    "Name": "Virengiri Goswami",
    "Designation": "Social Media Manager (Linkedin)",
    "LinkedIn": "https://linkedin.com/in/virengiri-goswami",
    "GitHub": "https://github.com/Veerengiri",
    "Twitter": "https://x.com/virengiri03",
    "Image": "https://i.imgur.com/FXRyu01.png"
  },
  {
    "Name": "Anjali Gautam",
    "Designation": "Social Media Manager (Instagram)",
    "LinkedIn": "https://www.linkedin.com/in/anjali-gautam-414700296/",
    "GitHub": "https://github.com/nisha4993",
    "Image": "https://i.imgur.com/cvFCOgd.jpg"
  }
]
