[
{"email":"manjotsinghoberoi.btcse20@pec.edu.in"},
{"email":"atharvavani110@gmail.com"},
{"email":"kiranpanjwani220@gmail.com"},
{"email":"dishap13feb@gmail.com"},
{"email":"velichetiganasaiteja@gmail.com"},
{"email":"anoushka.jha.che21@itbhu.ac.in"},
{"email":"itzwow0@gmail.com"},
{"email":"gangulykaustav300@gmail.com"},
{"email":"hzmessam.x@gmail.com"},
{"email":"madhusreebera1999@gmail.com"},
{"email":"Shivamagarwaloff@gmail.com"},
{"email":"maity.amit.college@gmail.com"},
{"email":"himanshusanecha@gmail.com"},
{"email":"shivam02bhu@gmail.com"},
{"email":"inventorjeevan@gmail.com"},
{"email":"horosahil@gmail.com"},
{"email":"salma.99.hamed@gmail.com"},
{"email":"debashish.joy@gmail.com"},
{"email":"20bcs088@iiitdmj.ac.in"},
{"email":"aftabnsr97@gmail.com"},
{"email":"gurdeepsingh475475@gmail.com"},
{"email":"19bcs6072@cuchd.in"},
{"email":"akshansh773@gmail.com"},
{"email":"nidhimahajan251@gmail.com"},
{"email":"deypratish69@gmail.com"},
{"email":"mohammadshaadshaikh@gmail.com"},
{"email":"bartickmaiti1998@gmail.com"},
{"email":"paulsatabrata@gmail.com"},
{"email":"pranshujain0221@gmail.com"},
{"email":"kheyadas1919@gmail.com"},
{"email":"surabhi.lele@somaiya.edu"},
{"email":"raghvendrrsingh@gmail.com"},
{"email":"bhandari28riya@gmail.com"},
{"email":"kpsarangi2657@gmail.com"},
{"email":"ishika20_ug@cse.nits.ac.in"},
{"email":"tejascs84@gmail.com"},
{"email":"vaibhav.upreti16@gmail.com"},
{"email":"shruthi.bhagwati@gmail.com"},
{"email":"harshitshukla258@gmail.com"},
{"email":"Khushigg451@gmail.com"},
{"email":"ranimanya1@gmail.com"},
{"email":"dewanshipaul84@gmail.com"},
{"email":"sheljasharmaswd@gmail.com"},
{"email":"biswanathsanto@gmail.com"},
{"email":"yoboy907@gmail.com"},
{"email":"agarwalsrahul8955@gmail.com"},
{"email":"kunalkayal69@gmail.com"},
{"email":"omotowo234@gmail.com"},
{"email":"supriyaprakash1001@gmail.com"},
{"email":"siddhi.mundada19@vit.edu"},
{"email":"utkarshrai13@gmail.com"},
{"email":"rahulm.a2019@vitstudent.ac.in"},
{"email":"shireen.chand3@gmail.com"},
{"email":"ankit2019hnb@gmail.com"},
{"email":"harshkumarchoudhary144@gmail.com"},
{"email":"khushimattu10@gmail.com"},
{"email":"chandanasamineni23@gmail.com"},
{"email":"nitishkumarj.g07@gmail.com"},
{"email":"srithik645@gmail.com"},
{"email":"agentR47@gmail.com"},
{"email":"abhinay9919041@gmail.com"},
{"email":"utkarshsaxena900@gmail.com"},
{"email":"prabhakardessai@gmail.com"},
{"email":"rittika.deb86@gmail.com"},
{"email":"manikaggarwal993@gmail.com"},
{"email":"adityakumarsingh20022002@gmail.com"},
{"email":"desusasaank369@gmail.com"},
{"email":"choudharyshraddha12@gmail.com"},
{"email":"deb.baner.1@gmail.com"},
{"email":"miretteamin@gmail.com"},
{"email":"seifibrahim32@gmail.com"},
{"email":"gautamabd17@gmail.com"},
{"email":"dhairya.wankhade19@vit.edu"},
{"email":"vickyrules1705@gmail.com"},
{"email":"bhushanthombre2001@gmail.com"},
{"email":"goel.mayank235@gmail.com"},
{"email":"11.21.22.arsh@gmail.com"},
{"email":"mishramuskaan2401@gmail.com"},
{"email":"lakshaynarula8888@gmail.com"},
{"email":"surbhikumaridav@gmail.com"},
{"email":"tejastank20001@gmail.com"},
{"email":"aayushpathak2001@gmail.com"},
{"email":"sreemoyeesadhukhan09@gmail.com"},
{"email":"nayakarun02@gmail.com"},
{"email":"supriyakm08@gmail.com"},
{"email":"sandhyakumari3122003@gmail.com"},
{"email":"vibhuti2002patil@gmail.com"},
{"email":"deysouvik700@gmail.com"},
{"email":"rajadityapqrst@gmail.com"},
{"email":"purva.gharat19@vit.edu"},
{"email":"dvala453@gmail.com"},
{"email":"medehalshreya@gmail.com"},
{"email":"augashish4@gmail.com"},
{"email":"srishtishukla66721@gmail.com"},
{"email":"ksrivastava0220@gmail.com"},
{"email":"vineethhr2016@gmail.com"},
{"email":"gera.sanya20@gmail.com"},
{"email":"19itnik132@ldce.ac.in"},
{"email":"ashishsharshm@gmail.com"},
{"email":"asmaibrahim657@gmail.com"},
{"email":"kotharismiti24@gmail.com"},
{"email":"dhruvgupta742@gmail.com"},
{"email":"29kusumita@gmail.com"},
{"email":"michaelehab16@gmail.com"},
{"email":"mdabdulshahed@gmail.com"},
{"email":"r.sabarinathan02@gmail.com"},
{"email":"toyeshsainik@gmail.com"},
{"email":"ppborole2002@gmail.com"},
{"email":"chirantanbanik98@gmail.com"},
{"email":"adityap897@gmail.com"},
{"email":"manaskaushik.stpaul@gmail.com"},
{"email":"anchitaram@gmail.com"},
{"email":"rahulkshp2018@gmail.com"},
{"email":"riya2003j@gmail.com"},
{"email":"vchaudhari20comp@student.mes.ac.in"},
{"email":"pathan.abbas10@gmail.com"},
{"email":"abhipandey0314@gmail.com"},
{"email":"sahilgps832002@gmail.com"},
{"email":"alakhdeepsingh773@gmail.com"},
{"email":"saxenashikhar01@gmail.com"},
{"email":"janvithakkar.583@gmail.com"},
{"email":"ghanshyampraja8959@gmail.com"},
{"email":"suvadityamuk@gmail.com"},
{"email":"ce20b112@smail.iitm.ac.in"},
{"email":"mayankesh.ss@gmail.com"},
{"email":"abhivk792@gmail.com"},
{"email":"deepesha.3007@gmail.com"},
{"email":"shwetashaw597@gmail.com"},
{"email":"sushik351@gmail.com"},
{"email":"shruticourses16@gmail.com"},
{"email":"harsh0564.be21@chitkara.edu.in"},
{"email":"98rkgautam@gmail.com"},
{"email":"dixithpoojary444@gmail.com"},
{"email":"mayonk.kumar9@gmail.com"},
{"email":"pradhandebayan@gmail.com"},
{"email":"kanishkchhabra23@gmail.com"},
{"email":"akanksha.t05@gmail.com"},
{"email":"ayushbm84@gmail.com"},
{"email":"mekushgupta@gmail.com"},
{"email":"prikshitanthal@gmail.com"},
{"email":"nityasingh1273@gmail.com"},
{"email":"annudubey1026@gmail.com"},
{"email":"2025.cse63.shreyasarkar@gmail.com"},
{"email":"logicgupta59@gmail.com"},
{"email":"jyotivakare33@gmail.com"},
{"email":"anthima302@gmail.com"},
{"email":"nithish.vagu219@gmail.com"},
{"email":"anubhavtalus@gmail.com"},
{"email":"miraehab16@gmail.com"},
{"email":"dakshjha007@gmail.com"},
{"email":"mohtastuti@gmail.com"},
{"email":"yadav621gzp@gmail.com"},
{"email":"abhishekwaje24@gmail.com"},
{"email":"anjuliaggarwal8@gmail.com"},
{"email":"gaikwadmahesh777g@gmail.com"},
{"email":"sebin.k.francis07@gmail.com"},
{"email":"ewanginspiration@gmail.com"},
{"email":"ranjanaburange2002@gmail.com"},
{"email":"shamitharegenti@gmail.com"},
{"email":"jatin.dhall7385@gmail.com"},
{"email":"mdpawar786@gmail.com"},
{"email":"triya1315@gmail.com"},
{"email":"Luckgupta.01@gmail.com"},
{"email":"ravnoor12@gmail.com"},
{"email":"asmitbm2952002@gmail.com"},
{"email":"chatei.roshankumar@gmail.com"},
{"email":"pranavvyas2016@gmail.com"},
{"email":"ayushchopra0@gmail.com"},
{"email":"srajanstark.ash@gmail.com"},
{"email":"bhandari2003anurag@gmail.com"},
{"email":"arsinha2001@gmail.com"},
{"email":"rgundigara2809@gmail.com"},
{"email":"harshjain172001@gmail.com"},
{"email":"virsanap@gmail.com"},
{"email":"uhinimukherjee@gmail.com"},
{"email":"chatterjeepayal2705@gmail.com"},
{"email":"sakshivarshney.yogita@gmail.com"},
{"email":"meetahaldar1001@gmail.com"},
{"email":"chandanbatven@gmail.com"},
{"email":"Palsagnik2001@gmail.com"},
{"email":"shrutishubhangiverma@gmail.com"},
{"email":"shymal.sawan@gmail.com"},
{"email":"purnimakatiyar48@gmail.com"},
{"email":"sharanyaprabhu29@gmail.com"},
{"email":"zeyad.ta01@gmail.com"},
{"email":"purvak.baliyan.1@gmail.com"},
{"email":"202051178@iiitvadodara.ac.in"},
{"email":"19btcse69@suiit.ac.in"},
{"email":"lakshravi23@gmail.com"},
{"email":"rs2570089@gmail.com"},
{"email":"sanketzambre1@gmail.com"},
{"email":"yashparsana135@gmail.com"},
{"email":"kunalkatara888@gmail.com"},
{"email":"Kashishkashyap2822@gmail.com"},
{"email":"praveenyadav340@gmail.com"},
{"email":"singh.naveen098@gmail.com"},
{"email":"varisharashid01@gmail.com"},
{"email":"akshitv18@gmail.com"},
{"email":"dubeyanjali9819@gmail.com"},
{"email":"madgood80@gmail.com"},
{"email":"choudharykumarashutosh1209@gmail.com"},
{"email":"prathamrastogi5@gmail.com"},
{"email":"ds1805@srmist.edu.in"},
{"email":"kpjtofficial@gmail.com"},
{"email":"naugaria.ar.6@gmail.com"},
{"email":"pranavsuriya.sr@gmail.com"},
{"email":"vinayasreemodem41@gmail.com"},
{"email":"saurabhsuchak1@gmail.com"},
{"email":"sumithprabhu07@gmail.com"},
{"email":"bishtayu24@gmail.com"},
{"email":"asthas2018@gmail.com"},
{"email":"aparnam2607@yahoo.com"},
{"email":"shubhsardana29@gmail.com"},
{"email":"parashar.tushita@gmail.com"},
{"email":"indraantoor@gmail.com"},
{"email":"umangtank08@gmail.com"},
{"email":"yashikhare85@gmail.com"},
{"email":"ajitdangi255@gmail.com"},
{"email":"chinmayparekh11@gmail.com"},
{"email":"leader.abhay002@gmail.com"},
{"email":"dikshabh08@gmail.com"},
{"email":"bhumikatewary49@gmail.com"},
{"email":"harshiljani2002@gmail.com"},
{"email":"mrudulkolambe02@gmail.com"},
{"email":"mansisingla31215@gmail.com"},
{"email":"kotha.phaneendra3@gmail.com"},
{"email":"vashishthasakshi2@gmail.com"},
{"email":"arushi072btece20@igdtuw.ac.in"},
{"email":"choudharyshatakshi22@gmail.com"},
{"email":"singhaparna7588@gmail.com"},
{"email":"aditim26@yahoo.com"},
{"email":"pujithathej2001@gmail.com"},
{"email":"nishkarshsaxena800@gmail.com"},
{"email":"skkaur444@gmail.com"},
{"email":"pavelalam401@gmail.com"},
{"email":"adityamca123@gmail.com"},
{"email":"rushijaviya05@gmail.com"},
{"email":"vagisha.gupta@rediffmail.com"},
{"email":"deepuno20002001@gmail.com"},
{"email":"aman_2019BECE096@nitsri.net"},
{"email":"pawan19csu207@ncuindia.edu"},
{"email":"madhusaini46810@gmail.com"},
{"email":"kumaryash1212@gmail.com"},
{"email":"keyurchaniyara2001@gmail.com"},
{"email":"mohammaderuman@gmail.com"},
{"email":"shreyarajpal6@gmail.com"},
{"email":"rajdipgupta019@gmail.com"},
{"email":"debnathayushi@gmail.com"},
{"email":"bhavyaparikh0@gmail.com"},
{"email":"harshitabhatt1730@gmail.com"},
{"email":"akshitasingh2411@gmail.com"},
{"email":"wahiashutosh103@gmail.com"},
{"email":"omar.saidmady@gmail.com"},
{ "email": "nawed2611@gmail.com" }
]
