[
  { "email": "jainsiddhesh777@gmail.com" },
  { "email": "tridibbag56@gmail.com" },
  { "email": "emailforreal.ankit@gmail.com" },
  { "email": "rahulbawa514@gmail.com" },
  { "email": "shubhamsingh.exe@gmail.com" },
  { "email": "rahul25mahato@gmail.com" },
  { "email": "mishraaniket522@gmail.com" },
  { "email": "abhinav210702@gmail.com" },
  { "email": "sgshreya024@gmail.com" },
  { "email": "gurjeetsinghvirdee@gmail.com" },
  { "email": "aritradutta04@gmail.com" },
  { "email": "ayushthth@gmail.com" },
  { "email": "abdelrahmanbedox@gmail.com" },
  { "email": "areebah2424@gmail.com" },
  { "email": "shelkeamol897@gmail.com" },
  { "email": "hariket.sukeshkumar2020@vitstudent.ac.in" },
  { "email": "ap5709141@gmail.com" },
  { "email": "Sukriti2010109@akgec.ac.in" },
  { "email": "shreyaofficial26@gmail.com" },
  { "email": "srinjoypati2595@gmail.com" },
  { "email": "md.arman.e21@nsut.ac.in" },
  { "email": "eswarbhageerath2@gmail.com" },
  { "email": "muhammadgalhoum@gmail.com" },
  { "email": "aditya.pawar.32.ap@gmail.com" },
  { "email": "avikm744@gmail.com" },
  { "email": "akg77007@gmail.com" },
  { "email": "laxmikantk2002@gmail.com" },
  { "email": "vaibhavsrivastava8046@gmail.com" },
  { "email": "sulagnadutta65@gmail.com" },
  { "email": "adhetya.narayan@gmail.com" },
  { "email": "pushpitaboral05@gmail.com" },
  { "email": "sohanjambhule973@gmail.com" },
  { "email": "kalashvasaniya@gmail.com" },
  { "email": "supriyagembali0902@gmail.com" },
  { "email": "abhilipsasahoo03@gmail.com" },
  { "email": "mayank.kumar.it24@heritageit.edu.in" },
  { "email": "yash003singhal@gmail.com" },
  { "email": "shaonnw@gmail.com" },
  { "email": "atifcomputer2001@gmail.com" },
  { "email": "tanyachanchalani@gmail.com" },
  { "email": "gaurtarun77@gmail.com" },
  { "email": "200018aisha@gmail.com" },
  { "email": "agunapache28@gmail.com" },
  { "email": "ppiyusha2001@gmail.com" },
  { "email": "pp7769@srmist.edu.in" },
  { "email": "roshanrakesh7362@gmail.com" },
  { "email": "mkvjayanth1@gmail.com" },
  { "email": "rajprem4214@gmail.com" },
  { "email": "20co05@aitdgoa.edu.in" },
  { "email": "samarthskadam14@gmail.com" },
  { "email": "vaishnavimandloi2003@gmail.com" },
  { "email": "anirbanpratihar45@gmail.com" },
  { "email": "mohitgupta7780@gmail.com" },
  { "email": "jyothi.kg2825@gmail.com" },
  { "email": "ashutoshjunior@gmail.com" },
  { "email": "smmaurya29012001@gmail.com" },
  { "email": "ppraniti526@gmail.com" },
  { "email": "simranmittal2337@gmail.com" },
  { "email": "bikramlearn15@gmail.com" },
  { "email": "subhrakanti.dasgupta@gmail.com" },
  { "email": "sskworld9742@gmail.com" },
  { "email": "sachinmittal24687@gmail.com" },
  { "email": "kaligithipranai@gmail.com" },
  { "email": "priyanshiagrawal1282@gmail.com" },
  { "email": "arnab.d.kumar@gmail.com" },
  { "email": "aastik2002@gmail.com" },
  { "email": "asaxena7531@gmail.com" },
  { "email": "samipak458@gmail.com" },
  { "email": "lalitkumarsingh3716@gmail.com" },
  { "email": "adwaitaraj@gmail.com" },
  { "email": "pradumnasaraf@gmail.com" },
  { "email": "adi05072002@gmail.com" },
  { "email": "nikhil25803@gmail.com" },
  { "email": "skdanish1999@gmail.com" },
  { "email": "gagansinghkalsi4126@gmail.com" },
  { "email": "somyasahu10@gmail.com" },
  { "email": "rishitabhopal@gmail.com" },
  { "email": "gorai.soumali@gmail.com" },
  { "email": "nitishsaini706@gmail.com" },
  { "email": "norahahmed1999@gmail.com" },
  { "email": "maureenanyanwu519@gmail.com" },
  { "email": "shreymishra0307@gmail.com" },
  { "email": "mahiivariar26@gmail.com" },
  { "email": "amiteshptn@gmail.com" },
  { "email": "tusharkesarwani44@gmail.com" },
  { "email": "pk746467@gmail.com" },
  { "email": "monarchk7@gmail.com" },
  { "email": "jainkushagra582@gmail.com" },
  { "email": "aayushsharma47163@gmail.com" },
  { "email": "susmitadey475@gmail.com" },
  { "email": "aritrabiswas123.kulti@gmail.com" },
  { "email": "siddhantpawar1203@gmail.com" },
  { "email": "bhagatshweta0216@gmail.com" },
  { "email": "bosedipayan2000@gmail.com" },
  { "email": "chitrakshi2531@gmail.com" },
  { "email": "nawed2611@gmail.com" },
  { "email": "karthiknadar1204@gmail.com" }
]
